catchment_poly_id,region,scenario,score,rank,top50
174,NA,Base,0.857380507022281,1,1
148,NA,Base,0.8522933150633855,2,1
190,NA,Base,0.8514998288613655,3,1
92,NA,Base,0.8124481899757492,4,1
126,NA,Base,0.7986615207318506,5,1
78,NA,Base,0.7956944822357304,6,1
83,NA,Base,0.7940392351898234,7,1
111,NA,Base,0.7924458831187764,8,1
25,NA,Base,0.791260172872178,9,1
168,NA,Base,0.7838429378930254,10,1
104,NA,Base,0.7814509055843504,11,1
90,NA,Base,0.7660801161377331,12,1
172,NA,Base,0.7634789308041715,13,1
163,NA,Base,0.7575980909731004,14,1
189,NA,Base,0.7560116636955635,15,1
170,NA,Base,0.7545646124524501,16,1
134,NA,Base,0.7542104988979175,17,1
94,NA,Base,0.752711598852455,18,1
178,NA,Base,0.7524535285620029,19,1
130,NA,Base,0.7515004929606303,20,1
93,NA,Base,0.7446330957301063,21,1
171,NA,Base,0.7424664290520733,22,1
138,NA,Base,0.7394773797001568,23,1
164,NA,Base,0.7366953785881667,24,1
96,NA,Base,0.7353361419234,25,1
123,NA,Base,0.7347237818887272,26,1
255,NA,Base,0.7331275603909546,27,1
84,NA,Base,0.7327652598576818,28,1
191,NA,Base,0.7286506003901637,29,1
139,NA,Base,0.7255766896494005,30,1
97,NA,Base,0.7251604145056435,31,1
34,NA,Base,0.7229552621623333,32,1
175,NA,Base,0.720633728351101,33,1
105,NA,Base,0.7190834450901745,34,1
99,NA,Base,0.7185622911728198,35,1
60,NA,Base,0.7157234507213291,36,1
137,NA,Base,0.7154229615224454,37,1
88,NA,Base,0.7137226981779345,38,1
115,NA,Base,0.7135260836180861,39,1
187,NA,Base,0.7124155064033487,40,1
177,NA,Base,0.7120195415080507,41,1
35,NA,Base,0.7114924300722137,42,1
146,NA,Base,0.7085932246655327,43,1
141,NA,Base,0.7083963268728202,44,1
161,NA,Base,0.7060524803196672,45,1
160,NA,Base,0.7059245263105568,46,1
162,NA,Base,0.7051987419246715,47,1
152,NA,Base,0.7045653521837631,48,1
122,NA,Base,0.7019670105626837,49,1
166,NA,Base,0.7009025054232184,50,1
208,NA,Base,0.700191376457053,51,0
33,NA,Base,0.6990346348993222,52,0
125,NA,Base,0.687855588353736,53,0
101,NA,Base,0.6863388510294527,54,0
253,NA,Base,0.6827101101008455,55,0
95,NA,Base,0.6801817933579098,56,0
117,NA,Base,0.6792990494528629,57,0
176,NA,Base,0.6779496030950017,58,0
55,NA,Base,0.6752589555451161,59,0
135,NA,Base,0.670644151828697,60,0
53,NA,Base,0.6692607093843632,61,0
98,NA,Base,0.6657343272875181,62,0
136,NA,Base,0.6639772209251281,63,0
108,NA,Base,0.663680843016274,64,0
74,NA,Base,0.663320824706856,65,0
133,NA,Base,0.6624416919195663,66,0
206,NA,Base,0.6613440455635877,67,0
173,NA,Base,0.6602659603624337,68,0
119,NA,Base,0.6600323389130395,69,0
182,NA,Base,0.6566126552411697,70,0
124,NA,Base,0.6559344960343046,71,0
129,NA,Base,0.6546997889249879,72,0
209,NA,Base,0.6516749930968166,73,0
68,NA,Base,0.6498354971338555,74,0
59,NA,Base,0.6489738766803542,75,0
127,NA,Base,0.6432819847290278,76,0
210,NA,Base,0.6431712766186067,77,0
109,NA,Base,0.6414397541511137,78,0
157,NA,Base,0.640603273817542,79,0
140,NA,Base,0.6403420974084655,80,0
77,NA,Base,0.6354038460065331,81,0
85,NA,Base,0.6346716298000127,82,0
72,NA,Base,0.6325826404919495,83,0
13,NA,Base,0.6324152023382899,84,0
69,NA,Base,0.631894901611059,85,0
76,NA,Base,0.6313391010622427,86,0
240,NA,Base,0.6310440626440444,87,0
143,NA,Base,0.6301091434062337,88,0
24,NA,Base,0.6288785921880009,89,0
151,NA,Base,0.6286103226399892,90,0
21,NA,Base,0.6282863970913513,91,0
185,NA,Base,0.627518963449334,92,0
61,NA,Base,0.6272083943275997,93,0
188,NA,Base,0.626730861189596,94,0
30,NA,Base,0.626115446784228,95,0
75,NA,Base,0.6258580231995408,96,0
45,NA,Base,0.6258545819335468,97,0
47,NA,Base,0.6257884388047372,98,0
44,NA,Base,0.6191257266809189,99,0
181,NA,Base,0.6178931527398647,100,0
50,NA,Base,0.6176957765682842,101,0
48,NA,Base,0.6169326548875055,102,0
8,NA,Base,0.614484196819738,103,0
156,NA,Base,0.6143202069433553,104,0
144,NA,Base,0.6141355477649143,105,0
179,NA,Base,0.6129036662288794,106,0
193,NA,Base,0.6089612887324881,107,0
241,NA,Base,0.6087430711353748,108,0
5,NA,Base,0.608293976288993,109,0
242,NA,Base,0.6047308691962624,110,0
254,NA,Base,0.6023149108477475,111,0
184,NA,Base,0.6020076412925163,112,0
11,NA,Base,0.6005107987961192,113,0
42,NA,Base,0.5997094059465274,114,0
54,NA,Base,0.5966983087949568,115,0
149,NA,Base,0.5936288028383465,116,0
199,NA,Base,0.59346121053817,117,0
250,NA,Base,0.5925619470088196,118,0
251,NA,Base,0.5897163163158391,119,0
66,NA,Base,0.58945869742371515,120,0
266,NA,Base,0.5861052856547994,121,0
118,NA,Base,0.5816240933683264,122,0
223,NA,Base,0.5795203582263856,123,0
222,NA,Base,0.5775287630389111,124,0
4,NA,Base,0.574156706448099,125,0
121,NA,Base,0.5714320276269722,126,0
79,NA,Base,0.5707250900114215,127,0
3,NA,Base,0.5697961033622896,128,0
37,NA,Base,0.5693123658136421,129,0
224,NA,Base,0.5690666441649964,130,0
63,NA,Base,0.5643245802625226,131,0
228,NA,Base,0.5627560137205825,132,0
237,NA,Base,0.5574042148354742,133,0
89,NA,Base,0.5542638298562099,134,0
246,NA,Base,0.5521310964623908,135,0
234,NA,Base,0.5511710284908347,136,0
31,NA,Base,0.5506058779148729,137,0
131,NA,Base,0.5500739344405852,138,0
158,NA,Base,0.549614952874098,139,0
71,NA,Base,0.5477760634694085,140,0
235,NA,Base,0.5370787940014738,141,0
114,NA,Base,0.5366932490461329,142,0
16,NA,Base,0.5343016825363759,143,0
19,NA,Base,0.5340988429312186,144,0
18,NA,Base,0.532669268349002,145,0
207,NA,Base,0.5319718054942815,146,0
73,NA,Base,0.5291074955821677,147,0
145,NA,Base,0.5288568410926338,148,0
238,NA,Base,0.5277619810868105,149,0
217,NA,Base,0.5247248405990417,150,0
220,NA,Base,0.5239737680250196,151,0
249,NA,Base,0.5235779842081284,152,0
243,NA,Base,0.522223427998482,153,0
159,NA,Base,0.5210754831846255,154,0
216,NA,Base,0.5205791185149271,155,0
229,NA,Base,0.5193203445691565,156,0
150,NA,Base,0.5179145784617865,157,0
245,NA,Base,0.5166082643633367,158,0
154,NA,Base,0.5155662440765472,159,0
132,NA,Base,0.5153915055537897,160,0
80,NA,Base,0.5124042242313888,161,0
155,NA,Base,0.5090821819168386,162,0
26,NA,Base,0.5064089912788783,163,0
51,NA,Base,0.5057780467818037,164,0
62,NA,Base,0.5032274367123561,165,0
183,NA,Base,0.5031569420024142,166,0
100,NA,Base,0.4993554685784686,167,0
271,NA,Base,0.49566242830432156,168,0
192,NA,Base,0.49448091868083893,169,0
213,NA,Base,0.4929865739411718,170,0
258,NA,Base,0.49280382440204257,171,0
272,NA,Base,0.4893685317784624,172,0
215,NA,Base,0.48771954253117994,173,0
120,NA,Base,0.4873996722181894,174,0
9,NA,Base,0.48698066395184775,175,0
259,NA,Base,0.48672191402451326,176,0
200,NA,Base,0.48664640220476413,177,0
6,NA,Base,0.48644888737389713,178,0
41,NA,Base,0.485007640707356,179,0
214,NA,Base,0.4843381075520418,180,0
203,NA,Base,0.48417728971334795,181,0
40,NA,Base,0.4834198320263531,182,0
205,NA,Base,0.4828820780690949,183,0
197,NA,Base,0.48243014212012786,184,0
67,NA,Base,0.4823593152593057,185,0
264,NA,Base,0.48232759008117365,186,0
103,NA,Base,0.4822756844508474,187,0
232,NA,Base,0.4811090277146941,188,0
1,NA,Base,0.4809229547282725,189,0
273,NA,Base,0.48024452500482,190,0
276,NA,Base,0.47959272998133873,191,0
278,NA,Base,0.4779115969612031,192,0
256,NA,Base,0.4776914829230375,193,0
252,NA,Base,0.4755789848838388,194,0
280,NA,Base,0.47518642476041933,195,0
263,NA,Base,0.4746849413894229,196,0
116,NA,Base,0.4738097919966787,197,0
274,NA,Base,0.47230077599461473,198,0
195,NA,Base,0.47088202342459856,199,0
38,NA,Base,0.4691805111350676,200,0
32,NA,Base,0.4686415726148599,201,0
227,NA,Base,0.46847796617239384,202,0
106,NA,Base,0.4672778409580631,203,0
270,NA,Base,0.4663836256790454,204,0
268,NA,Base,0.4655772041622581,205,0
247,NA,Base,0.4624778450310559,206,0
221,NA,Base,0.460392830761564,207,0
58,NA,Base,0.4586814454831692,208,0
113,NA,Base,0.4481464451274159,209,0
110,NA,Base,0.44591911123151007,210,0
107,NA,Base,0.442996780731039,211,0
244,NA,Base,0.42913943739167515,212,0
20,NA,Base,0.4247248167900667,213,0
233,NA,Base,0.42420529638200555,214,0
212,NA,Base,0.41921272107315743,215,0
219,NA,Base,0.41231965654522407,216,0
28,NA,Base,0.40900328563038785,217,0
46,NA,Base,0.3907696505012277,218,0
7,NA,Base,0.3822589284086529,219,0
262,NA,Base,0.3797650063316881,220,0
169,NA,Base,0.3796975157711725,221,0
153,NA,Base,0.3789187941781182,222,0
201,NA,Base,0.377712846832865,223,0
204,NA,Base,0.37730409093917683,224,0
265,NA,Base,0.3761174514358216,225,0
49,NA,Base,0.37601382419310353,226,0
202,NA,Base,0.37531952432835186,227,0
102,NA,Base,0.3745782953305898,228,0
257,NA,Base,0.37233861370810883,229,0
261,NA,Base,0.37216290992583256,230,0
198,NA,Base,0.36799703201661044,231,0
260,NA,Base,0.36735372432246716,232,0
65,NA,Base,0.3671970425156399,233,0
36,NA,Base,0.36450470918103656,234,0
86,NA,Base,0.3636750053807935,235,0
277,NA,Base,0.3636174187473648,236,0
231,NA,Base,0.3631367593728526,237,0
279,NA,Base,0.3618764413566576,238,0
186,NA,Base,0.36111234261419,239,0
269,NA,Base,0.35980394594152165,240,0
147,NA,Base,0.35718429797462864,241,0
2,NA,Base,0.3564832886647734,242,0
275,NA,Base,0.3534531421724483,243,0
167,NA,Base,0.34920020392449214,244,0
91,NA,Base,0.3482608440554436,245,0
218,NA,Base,0.3388522898048652,246,0
56,NA,Base,0.33849642220955956,247,0
165,NA,Base,0.32999225388047243,248,0
112,NA,Base,0.3287342428318722,249,0
27,NA,Base,0.3192448448684824,250,0
196,NA,Base,0.3121066449738223,251,0
81,NA,Base,0.3117028763909736,252,0
82,NA,Base,0.3110724411346911,253,0
248,NA,Base,0.2983562360473465,254,0
29,NA,Base,0.295831140033127,255,0
12,NA,Base,0.294807251350424,256,0
15,NA,Base,0.290109380404344,257,0
87,NA,Base,0.29010310058346667,258,0
70,NA,Base,0.28995957128124333,259,0
14,NA,Base,0.287987569361352,260,0
22,NA,Base,0.28783961268505126,261,0
23,NA,Base,0.2877928416816136,262,0
128,NA,Base,0.28195952378800976,263,0
180,NA,Base,0.27539091216988004,264,0
211,NA,Base,0.2750878081459485,265,0
52,NA,Base,0.2748822067276899,266,0
142,NA,Base,0.2708370207167688,267,0
194,NA,Base,0.2662899652592932,268,0
43,NA,Base,0.26228421071930663,269,0
267,NA,Base,0.2425946297487686,270,0
225,NA,Base,0.2422351831004659,271,0
57,NA,Base,0.22439695599693577,272,0
236,NA,Base,0.19472303507580563,273,0
17,NA,Base,0.18377070191419584,274,0
239,NA,Base,0.16985820693751766,275,0
10,NA,Base,0.15311863512447116,276,0
64,NA,Base,0.1433232682215942,277,0
226,NA,Base,0.13485707988485365,278,0
39,NA,Base,0.09878551688872783,279,0
230,NA,Base,0.03335171347193717,280,0
174,NA,Co-risk emphasis,0.8431740093624421,1,1
148,NA,Co-risk emphasis,0.8363910867491734,2,1
190,NA,Co-risk emphasis,0.8353331051455261,3,1
92,NA,Co-risk emphasis,0.7832642533000376,5,1
126,NA,Co-risk emphasis,0.7648820276354196,9,1
78,NA,Co-risk emphasis,0.7609259763139691,10,1
83,NA,Co-risk emphasis,0.7587189802527271,11,1
111,NA,Co-risk emphasis,0.7565945108239077,13,1
25,NA,Co-risk emphasis,0.7550135638189608,14,1
168,NA,Co-risk emphasis,0.7451239171789519,17,1
104,NA,Co-risk emphasis,0.7419345407784984,18,1
90,NA,Co-risk emphasis,0.7214401548491783,24,1
172,NA,Co-risk emphasis,0.7179719076935285,25,1
163,NA,Co-risk emphasis,0.7851307879598993,4,1
189,NA,Co-risk emphasis,0.7830155515934923,6,1
170,NA,Co-risk emphasis,0.7810861499346199,7,1
134,NA,Co-risk emphasis,0.7056139985241612,30,1
94,NA,Co-risk emphasis,0.7036154651339482,31,1
178,NA,Co-risk emphasis,0.7782713714151923,8,1
130,NA,Co-risk emphasis,0.7020006572749037,32,1
93,NA,Co-risk emphasis,0.692844127638911,33,1
171,NA,Co-risk emphasis,0.6899552387348493,36,1
138,NA,Co-risk emphasis,0.685969839591865,37,1
164,NA,Co-risk emphasis,0.75726050477559,12,1
96,NA,Co-risk emphasis,0.6804481892178723,40,1
123,NA,Co-risk emphasis,0.7546317091848075,15,1
255,NA,Co-risk emphasis,0.6775034138511562,42,1
84,NA,Co-risk emphasis,0.6770203464762852,43,1
191,NA,Co-risk emphasis,0.746534133848559,16,1
139,NA,Co-risk emphasis,0.667435586198097,46,1
97,NA,Co-risk emphasis,0.6668805526731035,47,1
34,NA,Co-risk emphasis,0.663940349546115,48,1
175,NA,Co-risk emphasis,0.7358449710277105,19,1
105,NA,Co-risk emphasis,0.7337779267862357,20,1
99,NA,Co-risk emphasis,0.6580830548946758,52,0
60,NA,Co-risk emphasis,0.654297934271431,54,0
137,NA,Co-risk emphasis,0.6538972820288371,55,0
88,NA,Co-risk emphasis,0.6516302642366147,56,0
115,NA,Co-risk emphasis,0.7263681114902929,21,1
187,NA,Co-risk emphasis,0.7248873418646967,22,1
177,NA,Co-risk emphasis,0.7243593886750161,23,1
35,NA,Co-risk emphasis,0.6486565734288144,58,0
146,NA,Co-risk emphasis,0.6447909662147057,60,0
141,NA,Co-risk emphasis,0.6445284358275133,61,0
161,NA,Co-risk emphasis,0.7164033070862746,26,1
160,NA,Co-risk emphasis,0.7162327017444186,27,1
162,NA,Co-risk emphasis,0.7152649891548623,28,1
152,NA,Co-risk emphasis,0.7144204695752165,29,1
122,NA,Co-risk emphasis,0.6359560140833134,63,0
166,NA,Co-risk emphasis,0.6345366738580484,64,0
208,NA,Co-risk emphasis,0.6335885019419357,65,0
33,NA,Co-risk emphasis,0.6320461798645816,67,0
125,NA,Co-risk emphasis,0.6921407844530979,34,1
101,NA,Co-risk emphasis,0.6901184680388861,35,1
253,NA,Co-risk emphasis,0.6102801467998138,76,0
95,NA,Co-risk emphasis,0.6819090578055096,39,1
117,NA,Co-risk emphasis,0.6057320659363754,77,0
176,NA,Co-risk emphasis,0.6789328041196937,41,1
55,NA,Co-risk emphasis,0.6003452740567891,78,0
135,NA,Co-risk emphasis,0.6691922024358147,44,1
53,NA,Co-risk emphasis,0.5923476125121057,79,0
98,NA,Co-risk emphasis,0.6626457697161229,49,1
136,NA,Co-risk emphasis,0.6603029612001059,50,1
108,NA,Co-risk emphasis,0.6599077906797106,51,0
74,NA,Co-risk emphasis,0.5844277662756266,83,0
133,NA,Co-risk emphasis,0.5832555892250306,85,0
206,NA,Co-risk emphasis,0.5817920607508484,86,0
173,NA,Co-risk emphasis,0.6553546138082169,53,0
119,NA,Co-risk emphasis,0.5800431185494894,87,0
182,NA,Co-risk emphasis,0.5754835403116717,90,0
124,NA,Co-risk emphasis,0.6495793280454044,57,0
129,NA,Co-risk emphasis,0.6479330518957158,59,0
209,NA,Co-risk emphasis,0.5688999907948386,92,0
68,NA,Co-risk emphasis,0.56644732951098975,94,0
59,NA,Co-risk emphasis,0.5652985022387232,95,0
127,NA,Co-risk emphasis,0.6327093129716123,66,0
210,NA,Co-risk emphasis,0.5575617021567766,96,0
109,NA,Co-risk emphasis,0.6302530055339715,68,0
157,NA,Co-risk emphasis,0.5541376984216856,97,0
140,NA,Co-risk emphasis,0.6287894631967645,69,0
77,NA,Co-risk emphasis,0.5472051280078208,98,0
85,NA,Co-risk emphasis,0.546228839733011,99,0
72,NA,Co-risk emphasis,0.5434435206550536,101,0
13,NA,Co-risk emphasis,0.5432202697836412,102,0
69,NA,Co-risk emphasis,0.5425265354809371,103,0
76,NA,Co-risk emphasis,0.5417854680780364,104,0
240,NA,Co-risk emphasis,0.541392083525288,105,0
143,NA,Co-risk emphasis,0.6151455245378044,71,0
24,NA,Co-risk emphasis,0.5385047895838818,108,0
151,NA,Co-risk emphasis,0.6131470968413913,72,0
21,NA,Co-risk emphasis,0.5377151961172911,109,0
185,NA,Co-risk emphasis,0.6116919512556621,73,0
61,NA,Co-risk emphasis,0.6112778589801804,74,0
188,NA,Co-risk emphasis,0.685641148237419,38,1
30,NA,Co-risk emphasis,0.5348205957105264,111,0
75,NA,Co-risk emphasis,0.5344773642659303,113,0
45,NA,Co-risk emphasis,0.5344727759077539,114,0
47,NA,Co-risk emphasis,0.5343845850652597,115,0
44,NA,Co-risk emphasis,0.5255009689017973,117,0
181,NA,Co-risk emphasis,0.5238575369634958,119,0
50,NA,Co-risk emphasis,0.5235943687569861,120,0
48,NA,Co-risk emphasis,0.522576873182948,121,0
8,NA,Co-risk emphasis,0.5193122624150684,126,0
156,NA,Co-risk emphasis,0.5190936092574138,127,0
144,NA,Co-risk emphasis,0.6688473968672964,45,1
179,NA,Co-risk emphasis,0.5172048882997352,128,0
193,NA,Co-risk emphasis,0.5119483849757976,131,0
241,NA,Co-risk emphasis,0.5116574281803004,132,0
5,NA,Co-risk emphasis,0.5860586350361261,82,0
242,NA,Co-risk emphasis,0.5063078255945811,135,0
254,NA,Co-risk emphasis,0.578086547779522,88,0
184,NA,Co-risk emphasis,0.5776768550463244,89,0
11,NA,Co-risk emphasis,0.5006810650575173,138,0
42,NA,Co-risk emphasis,0.499612541253709,140,0
54,NA,Co-risk emphasis,0.5705977450553479,91,0
149,NA,Co-risk emphasis,0.6415050704494397,62,0
199,NA,Co-risk emphasis,0.4912816140356834,142,0
250,NA,Co-risk emphasis,0.49008259601164,144,0
251,NA,Co-risk emphasis,0.4862884217535023,147,0
66,NA,Co-risk emphasis,0.4859449298759425,148,0
266,NA,Co-risk emphasis,0.4814737141832841,154,0
118,NA,Co-risk emphasis,0.6254987911572834,70,0
223,NA,Co-risk emphasis,0.4726938108292598,159,0
222,NA,Co-risk emphasis,0.4700383507164402,160,0
4,NA,Co-risk emphasis,0.5405422752622909,107,0
121,NA,Co-risk emphasis,0.5369093700110165,110,0
79,NA,Co-risk emphasis,0.6109667866031921,75,0
3,NA,Co-risk emphasis,0.5347281378055254,112,0
37,NA,Co-risk emphasis,0.4590831544172939,166,0
224,NA,Co-risk emphasis,0.45875552555245264,167,0
63,NA,Co-risk emphasis,0.45243277368290236,169,0
228,NA,Co-risk emphasis,0.4503413516271793,170,0
237,NA,Co-risk emphasis,0.443205619777549,172,0
89,NA,Co-risk emphasis,0.5890184398062559,80,0
246,NA,Co-risk emphasis,0.5861747952734172,81,0
234,NA,Co-risk emphasis,0.4348947046529475,174,0
31,NA,Co-risk emphasis,0.5091411705421792,133,0
131,NA,Co-risk emphasis,0.5834319125870455,84,0
158,NA,Co-risk emphasis,0.5078199371650743,134,0
71,NA,Co-risk emphasis,0.5053680846257077,136,0
235,NA,Co-risk emphasis,0.4161050586665726,185,0
114,NA,Co-risk emphasis,0.4155909986193355,186,0
16,NA,Co-risk emphasis,0.4874022433813425,145,0
19,NA,Co-risk emphasis,0.4871317905725253,146,0
18,NA,Co-risk emphasis,0.4852256911190985,149,0
207,NA,Co-risk emphasis,0.4842957405333212,151,0
73,NA,Co-risk emphasis,0.48047666077583157,155,0
145,NA,Co-risk emphasis,0.48014245477392464,156,0
238,NA,Co-risk emphasis,0.40368264143759686,189,0
217,NA,Co-risk emphasis,0.399633120793661,193,0
220,NA,Co-risk emphasis,0.3986316906965596,194,0
249,NA,Co-risk emphasis,0.39810397894134547,195,0
243,NA,Co-risk emphasis,0.3962979039941687,197,0
159,NA,Co-risk emphasis,0.5447673109117109,100,0
216,NA,Co-risk emphasis,0.3941054913525223,199,0
229,NA,Co-risk emphasis,0.3924271260908984,200,0
150,NA,Co-risk emphasis,0.540552771281028,106,0
245,NA,Co-risk emphasis,0.38881101911808136,201,0
154,NA,Co-risk emphasis,0.46242165876150965,163,0
132,NA,Co-risk emphasis,0.4621886740710478,164,0
80,NA,Co-risk emphasis,0.5332056323079661,116,0
155,NA,Co-risk emphasis,0.4537762425509607,168,0
26,NA,Co-risk emphasis,0.5252119883696671,118,0
51,NA,Co-risk emphasis,0.4493707290415293,171,0
62,NA,Co-risk emphasis,0.520969915543069,123,0
183,NA,Co-risk emphasis,0.520875921163053,124,0
100,NA,Co-risk emphasis,0.5158072914127564,129,0
271,NA,Co-risk emphasis,0.3608832377373554,208,0
192,NA,Co-risk emphasis,0.4343078915740493,175,0
213,NA,Co-risk emphasis,0.3573154319205513,210,0
258,NA,Co-risk emphasis,0.35707176586481204,211,0
272,NA,Co-risk emphasis,0.35249137570027866,214,0
215,NA,Co-risk emphasis,0.3502927233346153,216,0
120,NA,Co-risk emphasis,0.49986622962376853,139,0
9,NA,Co-risk emphasis,0.42430755192865455,177,0
259,NA,Co-risk emphasis,0.34896255191809883,217,0
200,NA,Co-risk emphasis,0.34886186959492616,218,0
6,NA,Co-risk emphasis,0.42359851649674385,178,0
41,NA,Co-risk emphasis,0.4216768542716522,179,0
214,NA,Co-risk emphasis,0.3457841434022925,220,0
203,NA,Co-risk emphasis,0.34556971960763433,221,0
40,NA,Co-risk emphasis,0.41955977598128424,180,0
205,NA,Co-risk emphasis,0.3438427707300651,222,0
197,NA,Co-risk emphasis,0.4182401894478567,181,0
67,NA,Co-risk emphasis,0.4181457536768894,182,0
264,NA,Co-risk emphasis,0.34310345344104476,223,0
103,NA,Co-risk emphasis,0.5680342459256097,93,0
232,NA,Co-risk emphasis,0.3414787036183401,224,0
1,NA,Co-risk emphasis,0.4912306062823184,143,0
273,NA,Co-risk emphasis,0.3403260333357671,228,0
276,NA,Co-risk emphasis,0.3394569733034657,230,0
278,NA,Co-risk emphasis,0.33721546261337404,231,0
256,NA,Co-risk emphasis,0.3369219772248576,232,0
252,NA,Co-risk emphasis,0.4091053131767037,188,0
280,NA,Co-risk emphasis,0.333581899536023,235,0
263,NA,Co-risk emphasis,0.33291325518171566,236,0
116,NA,Co-risk emphasis,0.4817463893283094,152,0
274,NA,Co-risk emphasis,0.3297343679846593,237,0
195,NA,Co-risk emphasis,0.32784269788716697,238,0
38,NA,Co-risk emphasis,0.40057401484536964,190,0
32,NA,Co-risk emphasis,0.4748554301479898,158,0
227,NA,Co-risk emphasis,0.3996372881423894,192,0
106,NA,Co-risk emphasis,0.39803712127536567,196,0
270,NA,Co-risk emphasis,0.32184483423280574,240,0
268,NA,Co-risk emphasis,0.3207696055485085,241,0
247,NA,Co-risk emphasis,0.31663712669986915,244,0
221,NA,Co-risk emphasis,0.31385710767851427,245,0
58,NA,Co-risk emphasis,0.46157525997207643,165,0
113,NA,Co-risk emphasis,0.5225285922810446,122,0
110,NA,Co-risk emphasis,0.5195588148064124,125,0
107,NA,Co-risk emphasis,0.5156623743026075,130,0
244,NA,Co-risk emphasis,0.3471859164944439,219,0
20,NA,Co-risk emphasis,0.4162997555545481,183,0
233,NA,Co-risk emphasis,0.3406070618294207,226,0
212,NA,Co-risk emphasis,0.333950294763088,234,0
219,NA,Co-risk emphasis,0.3247595420511772,239,0
28,NA,Co-risk emphasis,0.39533771417083324,198,0
46,NA,Co-risk emphasis,0.3710262006543871,205,0
7,NA,Co-risk emphasis,0.3596785712006336,209,0
262,NA,Co-risk emphasis,0.2813533417712597,254,0
169,NA,Co-risk emphasis,0.35626335435104756,212,0
153,NA,Co-risk emphasis,0.5052250588639614,137,0
201,NA,Co-risk emphasis,0.2786171290755258,255,0
204,NA,Co-risk emphasis,0.2780721211753378,256,0
265,NA,Co-risk emphasis,0.2764899352455241,257,0
49,NA,Co-risk emphasis,0.3513517655763307,215,0
202,NA,Co-risk emphasis,0.27542603237709284,258,0
102,NA,Co-risk emphasis,0.4994377271065353,141,0
257,NA,Co-risk emphasis,0.27145147226784555,260,0
261,NA,Co-risk emphasis,0.2712172126000297,261,0
198,NA,Co-risk emphasis,0.34066270935344756,225,0
260,NA,Co-risk emphasis,0.26480496560394734,262,0
65,NA,Co-risk emphasis,0.3395960566697496,229,0
36,NA,Co-risk emphasis,0.33600627890596674,233,0
86,NA,Co-risk emphasis,0.48490000717150655,150,0
277,NA,Co-risk emphasis,0.25982322495182336,263,0
231,NA,Co-risk emphasis,0.25918234580864635,264,0
279,NA,Co-risk emphasis,0.25750192179886033,265,0
186,NA,Co-risk emphasis,0.481483123476671,153,0
269,NA,Co-risk emphasis,0.25473859458648,266,0
147,NA,Co-risk emphasis,0.476245729996033,157,0
2,NA,Co-risk emphasis,0.4003110511917467,191,0
275,NA,Co-risk emphasis,0.24627085622792566,269,0
167,NA,Co-risk emphasis,0.4656002718882729,161,0
91,NA,Co-risk emphasis,0.4643477920726612,162,0
218,NA,Co-risk emphasis,0.2268030530711652,271,0
56,NA,Co-risk emphasis,0.3763285627153318,203,0
165,NA,Co-risk emphasis,0.36498967135016397,206,0
112,NA,Co-risk emphasis,0.43831232375289114,173,0
27,NA,Co-risk emphasis,0.425659793142079,176,0
196,NA,Co-risk emphasis,0.4161421932661601,184,0
81,NA,Co-risk emphasis,0.3406038351848066,227,0
82,NA,Co-risk emphasis,0.414763254842658,187,0
248,NA,Co-risk emphasis,0.2478083146798857,268,0
29,NA,Co-risk emphasis,0.31944152003024867,242,0
12,NA,Co-risk emphasis,0.31807633512376665,243,0
15,NA,Co-risk emphasis,0.3118125071876077,246,0
87,NA,Co-risk emphasis,0.38680413409808745,202,0
70,NA,Co-risk emphasis,0.311612761707887,247,0
14,NA,Co-risk emphasis,0.30898342580252136,248,0
22,NA,Co-risk emphasis,0.30878615024609973,249,0
23,NA,Co-risk emphasis,0.3087237889068326,250,0
128,NA,Co-risk emphasis,0.3759460316859057,204,0
180,NA,Co-risk emphasis,0.29218788279902735,252,0
211,NA,Co-risk emphasis,0.21678374405448667,273,0
52,NA,Co-risk emphasis,0.2915096089697022,253,0
142,NA,Co-risk emphasis,0.36111602706759094,207,0
194,NA,Co-risk emphasis,0.355053286954013,213,0
43,NA,Co-risk emphasis,0.2747122809499425,259,0
267,NA,Co-risk emphasis,0.17345950618757305,278,0
225,NA,Co-risk emphasis,0.2479802440488024,267,0
57,NA,Co-risk emphasis,0.2991959412711211,251,0
236,NA,Co-risk emphasis,0.18463071342575876,276,0
17,NA,Co-risk emphasis,0.2450276025440271,270,0
239,NA,Co-risk emphasis,0.2264776092462259,272,0
10,NA,Co-risk emphasis,0.20415818008630054,274,0
64,NA,Co-risk emphasis,0.19109769095649268,275,0
226,NA,Co-risk emphasis,0.17980943975054625,277,0
39,NA,Co-risk emphasis,0.13171402251643435,279,0
230,NA,Co-risk emphasis,0.044468951240967516,280,0
174,NA,Service deficit emphasis,0.8715870046821196,1,1
148,NA,Service deficit emphasis,0.8681955433775971,2,1
190,NA,Service deficit emphasis,0.8676665525772048,3,1
92,NA,Service deficit emphasis,0.8416321266514607,4,1
126,NA,Service deficit emphasis,0.8324410138282815,5,1
78,NA,Service deficit emphasis,0.8304629881574916,6,1
83,NA,Service deficit emphasis,0.8293594901269196,7,1
111,NA,Service deficit emphasis,0.8282972554136449,8,1
25,NA,Service deficit emphasis,0.827506781925395,9,1
168,NA,Service deficit emphasis,0.8225619586070988,10,1
104,NA,Service deficit emphasis,0.8209672703902021,11,1
90,NA,Service deficit emphasis,0.8107200774262876,12,1
172,NA,Service deficit emphasis,0.8089859539148144,13,1
163,NA,Service deficit emphasis,0.7300653939863012,49,1
189,NA,Service deficit emphasis,0.7290077757976345,50,1
170,NA,Service deficit emphasis,0.7280430749702801,52,0
134,NA,Service deficit emphasis,0.8028069992716739,14,1
94,NA,Service deficit emphasis,0.8018077325709615,15,1
178,NA,Service deficit emphasis,0.7266356857088133,54,0
130,NA,Service deficit emphasis,0.8010003286463567,16,1
93,NA,Service deficit emphasis,0.7964220638213013,17,1
171,NA,Service deficit emphasis,0.794977619369297,18,1
138,NA,Service deficit emphasis,0.7929849198084484,19,1
164,NA,Service deficit emphasis,0.7161302524007431,68,0
96,NA,Service deficit emphasis,0.7902240946289276,20,1
123,NA,Service deficit emphasis,0.714815854592647,69,0
255,NA,Service deficit emphasis,0.788751706930753,21,1
84,NA,Service deficit emphasis,0.7885101732390783,22,1
191,NA,Service deficit emphasis,0.7107670669317682,74,0
139,NA,Service deficit emphasis,0.7837177931007041,23,1
97,NA,Service deficit emphasis,0.7834402763381836,24,1
34,NA,Service deficit emphasis,0.7819701747785516,25,1
175,NA,Service deficit emphasis,0.7054224856744914,80,0
105,NA,Service deficit emphasis,0.7043889633941134,81,0
99,NA,Service deficit emphasis,0.7790415274509636,26,1
60,NA,Service deficit emphasis,0.7771489671712271,27,1
137,NA,Service deficit emphasis,0.7769486410160538,28,1
88,NA,Service deficit emphasis,0.7758151321192541,29,1
115,NA,Service deficit emphasis,0.7006840557458791,83,0
187,NA,Service deficit emphasis,0.6999436709420005,85,0
177,NA,Service deficit emphasis,0.6996796943410852,87,0
35,NA,Service deficit emphasis,0.7743282867156132,30,1
146,NA,Service deficit emphasis,0.7723954831163597,31,1
141,NA,Service deficit emphasis,0.7722642179181269,32,1
161,NA,Service deficit emphasis,0.6957016535530594,88,0
160,NA,Service deficit emphasis,0.6956163508766949,90,0
162,NA,Service deficit emphasis,0.6951324946944804,91,0
152,NA,Service deficit emphasis,0.6947102347923095,93,0
122,NA,Service deficit emphasis,0.767978007042054,33,1
166,NA,Service deficit emphasis,0.7672683369883884,34,1
208,NA,Service deficit emphasis,0.7667942509721702,35,1
33,NA,Service deficit emphasis,0.7660230899340625,36,1
125,NA,Service deficit emphasis,0.6835703922543739,99,0
101,NA,Service deficit emphasis,0.6825592340200191,100,0
253,NA,Service deficit emphasis,0.7551400734018772,37,1
95,NA,Service deficit emphasis,0.6784545289103099,103,0
117,NA,Service deficit emphasis,0.7528660329693504,38,1
176,NA,Service deficit emphasis,0.6769664020703097,104,0
55,NA,Service deficit emphasis,0.7501726370334432,39,1
135,NA,Service deficit emphasis,0.6720961012215791,107,0
53,NA,Service deficit emphasis,0.7461738062566206,40,1
98,NA,Service deficit emphasis,0.6688228848589132,109,0
136,NA,Service deficit emphasis,0.6676514806501501,110,0
108,NA,Service deficit emphasis,0.6674538953528373,111,0
74,NA,Service deficit emphasis,0.7422138831380853,41,1
133,NA,Service deficit emphasis,0.7416277946141019,42,1
206,NA,Service deficit emphasis,0.740896030376327,43,1
173,NA,Service deficit emphasis,0.6651773069166504,113,0
119,NA,Service deficit emphasis,0.7400215592765895,44,1
182,NA,Service deficit emphasis,0.7377417701706678,45,1
124,NA,Service deficit emphasis,0.6622896640232048,114,0
129,NA,Service deficit emphasis,0.6614665259542598,115,0
209,NA,Service deficit emphasis,0.7344499953987947,46,1
68,NA,Service deficit emphasis,0.7332236647567212,47,1
59,NA,Service deficit emphasis,0.7326492511219852,48,1
127,NA,Service deficit emphasis,0.6538546564864433,118,0
210,NA,Service deficit emphasis,0.728780851080437,51,0
109,NA,Service deficit emphasis,0.6526265027682557,119,0
157,NA,Service deficit emphasis,0.7270688492133984,53,0
140,NA,Service deficit emphasis,0.6518947316201662,120,0
77,NA,Service deficit emphasis,0.7236025640052453,55,0
85,NA,Service deficit emphasis,0.7231144198670143,56,0
72,NA,Service deficit emphasis,0.721721760328845,57,0
13,NA,Service deficit emphasis,0.7216101348929383,58,0
69,NA,Service deficit emphasis,0.7212632677411807,59,0
76,NA,Service deficit emphasis,0.7208927340464489,60,0
240,NA,Service deficit emphasis,0.7206960417628008,61,0
143,NA,Service deficit emphasis,0.6450727622746629,128,0
24,NA,Service deficit emphasis,0.7192523947921199,62,0
151,NA,Service deficit emphasis,0.6440735484385868,130,0
21,NA,Service deficit emphasis,0.7188575980654114,63,0
185,NA,Service deficit emphasis,0.6433459756430058,131,0
61,NA,Service deficit emphasis,0.6431389296750187,132,0
188,NA,Service deficit emphasis,0.5678205741417729,175,0
30,NA,Service deficit emphasis,0.7174102978579295,64,0
75,NA,Service deficit emphasis,0.7172386821331511,65,0
45,NA,Service deficit emphasis,0.7172363879593396,66,0
47,NA,Service deficit emphasis,0.7171922925442148,67,0
44,NA,Service deficit emphasis,0.7127504844600404,70,0
181,NA,Service deficit emphasis,0.7119287685162334,71,0
50,NA,Service deficit emphasis,0.7117971843795824,72,0
48,NA,Service deficit emphasis,0.711288436592063,73,0
8,NA,Service deficit emphasis,0.7096561312244075,75,0
156,NA,Service deficit emphasis,0.709546804629297,76,0
144,NA,Service deficit emphasis,0.559423698662532,178,0
179,NA,Service deficit emphasis,0.7086024441580234,77,0
193,NA,Service deficit emphasis,0.7059741924891786,78,0
241,NA,Service deficit emphasis,0.7058287140904492,79,0
5,NA,Service deficit emphasis,0.6305293175418596,133,0
242,NA,Service deficit emphasis,0.7031539127979435,82,0
254,NA,Service deficit emphasis,0.6265432739159729,137,0
184,NA,Service deficit emphasis,0.6263384275387078,138,0
11,NA,Service deficit emphasis,0.700340532534721,84,0
42,NA,Service deficit emphasis,0.6998062706393459,86,0
54,NA,Service deficit emphasis,0.6227988725345656,144,0
149,NA,Service deficit emphasis,0.5457525352272532,186,0
199,NA,Service deficit emphasis,0.6956408070406566,89,0
250,NA,Service deficit emphasis,0.6950412980059991,92,0
251,NA,Service deficit emphasis,0.6931442108781757,94,0
66,NA,Service deficit emphasis,0.6929724649714879,95,0
266,NA,Service deficit emphasis,0.6907368571263146,96,0
118,NA,Service deficit emphasis,0.5377493955793696,189,0
223,NA,Service deficit emphasis,0.6863469056235113,97,0
222,NA,Service deficit emphasis,0.6850191753613819,98,0
4,NA,Service deficit emphasis,0.6077711376339069,160,0
121,NA,Service deficit emphasis,0.6059546852429278,162,0
79,NA,Service deficit emphasis,0.5304833934196509,192,0
3,NA,Service deficit emphasis,0.6048640689190535,163,0
37,NA,Service deficit emphasis,0.6795415772099903,101,0
224,NA,Service deficit emphasis,0.6793777627775403,102,0
63,NA,Service deficit emphasis,0.6762163868421429,105,0
228,NA,Service deficit emphasis,0.6751706758139856,106,0
237,NA,Service deficit emphasis,0.6716028098933993,108,0
89,NA,Service deficit emphasis,0.5195092199061638,193,0
246,NA,Service deficit emphasis,0.5180873976513644,194,0
234,NA,Service deficit emphasis,0.6674473523287218,112,0
31,NA,Service deficit emphasis,0.5920705852875665,164,0
131,NA,Service deficit emphasis,0.5167159562941246,195,0
158,NA,Service deficit emphasis,0.5914099685831214,165,0
71,NA,Service deficit emphasis,0.5901840423131093,166,0
235,NA,Service deficit emphasis,0.658052529336375,116,0
114,NA,Service deficit emphasis,0.6577954994729301,117,0
16,NA,Service deficit emphasis,0.581201121691409,167,0
19,NA,Service deficit emphasis,0.5810658952899118,168,0
18,NA,Service deficit emphasis,0.5801128455789051,169,0
207,NA,Service deficit emphasis,0.5796478704552416,170,0
73,NA,Service deficit emphasis,0.5777383303885038,171,0
145,NA,Service deficit emphasis,0.5775712274113427,172,0
238,NA,Service deficit emphasis,0.6518413207360242,121,0
217,NA,Service deficit emphasis,0.6498165604044224,122,0
220,NA,Service deficit emphasis,0.6493158453534795,123,0
249,NA,Service deficit emphasis,0.6490519894749112,124,0
243,NA,Service deficit emphasis,0.648148952002795,125,0
159,NA,Service deficit emphasis,0.49738365545753993,200,0
216,NA,Service deficit emphasis,0.647052745677332,126,0
229,NA,Service deficit emphasis,0.6462135630474146,127,0
150,NA,Service deficit emphasis,0.49527638564254484,201,0
245,NA,Service deficit emphasis,0.6444055096085921,129,0
154,NA,Service deficit emphasis,0.5687108293915845,173,0
132,NA,Service deficit emphasis,0.5685943370365313,174,0
80,NA,Service deficit emphasis,0.4916028161548114,202,0
155,NA,Service deficit emphasis,0.5643881212827163,176,0
26,NA,Service deficit emphasis,0.4876059941880895,203,0
51,NA,Service deficit emphasis,0.5621853645220779,177,0
62,NA,Service deficit emphasis,0.4854849578816432,204,0
183,NA,Service deficit emphasis,0.4854379628417752,205,0
100,NA,Service deficit emphasis,0.4829036457441808,206,0
271,NA,Service deficit emphasis,0.6304416188712876,134,0
192,NA,Service deficit emphasis,0.5546539457876284,179,0
213,NA,Service deficit emphasis,0.6286577159617922,135,0
258,NA,Service deficit emphasis,0.6285358829392731,136,0
272,NA,Service deficit emphasis,0.626245687856646,139,0
215,NA,Service deficit emphasis,0.6251463617277445,140,0
120,NA,Service deficit emphasis,0.4749331148126102,212,0
9,NA,Service deficit emphasis,0.5496537759750408,180,0
259,NA,Service deficit emphasis,0.6244812761309276,141,0
200,NA,Service deficit emphasis,0.624430934814602,142,0
6,NA,Service deficit emphasis,0.5492992582510502,181,0
41,NA,Service deficit emphasis,0.5483384271430597,182,0
214,NA,Service deficit emphasis,0.6228920717017911,143,0
203,NA,Service deficit emphasis,0.6227848598190616,145,0
40,NA,Service deficit emphasis,0.5472798880714218,183,0
205,NA,Service deficit emphasis,0.6219213854081246,146,0
197,NA,Service deficit emphasis,0.5466200947923989,184,0
67,NA,Service deficit emphasis,0.546572876841722,185,0
264,NA,Service deficit emphasis,0.6215517267213024,147,0
103,NA,Service deficit emphasis,0.39651712297608505,232,0
232,NA,Service deficit emphasis,0.620739351811048,148,0
1,NA,Service deficit emphasis,0.47061530317422656,215,0
273,NA,Service deficit emphasis,0.6201630166738729,149,0
276,NA,Service deficit emphasis,0.6197284866592118,150,0
278,NA,Service deficit emphasis,0.6186077313090321,151,0
256,NA,Service deficit emphasis,0.6184609886212173,152,0
252,NA,Service deficit emphasis,0.5420526565909738,187,0
280,NA,Service deficit emphasis,0.6167909499848155,153,0
263,NA,Service deficit emphasis,0.61645662759713,154,0
116,NA,Service deficit emphasis,0.46587319466504795,220,0
274,NA,Service deficit emphasis,0.6148671840045701,155,0
195,NA,Service deficit emphasis,0.6139213489620301,156,0
38,NA,Service deficit emphasis,0.5377870074247654,188,0
32,NA,Service deficit emphasis,0.46242771508173,222,0
227,NA,Service deficit emphasis,0.5373186442023982,190,0
106,NA,Service deficit emphasis,0.5365185606407604,191,0
270,NA,Service deficit emphasis,0.61092241712528494,157,0
268,NA,Service deficit emphasis,0.6103848027760078,158,0
247,NA,Service deficit emphasis,0.6083185633622425,159,0
221,NA,Service deficit emphasis,0.6069285538446137,161,0
58,NA,Service deficit emphasis,0.4557876309942619,224,0
113,NA,Service deficit emphasis,0.3737642979737872,236,0
110,NA,Service deficit emphasis,0.3722794076566078,237,0
107,NA,Service deficit emphasis,0.3703311871594705,238,0
244,NA,Service deficit emphasis,0.5110929582889063,196,0
20,NA,Service deficit emphasis,0.4331498780255853,226,0
233,NA,Service deficit emphasis,0.5078035309345902,197,0
212,NA,Service deficit emphasis,0.5044751473832267,198,0
219,NA,Service deficit emphasis,0.49987977103927084,199,0
28,NA,Service deficit emphasis,0.4226688570899424,227,0
46,NA,Service deficit emphasis,0.41051310034806826,228,0
7,NA,Service deficit emphasis,0.40483928561667204,229,0
262,NA,Service deficit emphasis,0.47817667089211624,207,0
169,NA,Service deficit emphasis,0.4031316771912975,230,0
153,NA,Service deficit emphasis,0.2526125294922749,255,0
201,NA,Service deficit emphasis,0.47680856459020404,208,0
204,NA,Service deficit emphasis,0.4765360607030157,209,0
265,NA,Service deficit emphasis,0.4757449676261189,210,0
49,NA,Service deficit emphasis,0.40067588280987637,231,0
202,NA,Service deficit emphasis,0.47521301627961077,211,0
102,NA,Service deficit emphasis,0.2497188635546443,257,0
257,NA,Service deficit emphasis,0.47322575514837206,213,0
261,NA,Service deficit emphasis,0.47310860725163534,214,0
198,NA,Service deficit emphasis,0.3953313546797733,233,0
260,NA,Service deficit emphasis,0.46990248304098686,216,0
65,NA,Service deficit emphasis,0.39479802836153016,234,0
36,NA,Service deficit emphasis,0.39300313945610627,235,0
86,NA,Service deficit emphasis,0.24245000359008037,258,0
277,NA,Service deficit emphasis,0.46741161254290614,217,0
231,NA,Service deficit emphasis,0.4670911729370587,218,0
279,NA,Service deficit emphasis,0.46625096091445467,219,0
186,NA,Service deficit emphasis,0.24074156175170897,259,0
269,NA,Service deficit emphasis,0.4648692972965631,221,0
147,NA,Service deficit emphasis,0.2381228659532243,260,0
2,NA,Service deficit emphasis,0.31265552613780007,241,0
275,NA,Service deficit emphasis,0.46063542811697084,223,0
167,NA,Service deficit emphasis,0.23280013596071122,262,0
91,NA,Service deficit emphasis,0.232173896038226,263,0
218,NA,Service deficit emphasis,0.4509015265385652,225,0
56,NA,Service deficit emphasis,0.30066428170378723,243,0
165,NA,Service deficit emphasis,0.29499483641078084,244,0
112,NA,Service deficit emphasis,0.21915616191085321,264,0
27,NA,Service deficit emphasis,0.21282989659488577,265,0
196,NA,Service deficit emphasis,0.20807109668148444,266,0
81,NA,Service deficit emphasis,0.28280191759714063,245,0
82,NA,Service deficit emphasis,0.20738162742672417,267,0
248,NA,Service deficit emphasis,0.34890415741480735,239,0
29,NA,Service deficit emphasis,0.27222076003600526,246,0
12,NA,Service deficit emphasis,0.2715381675770813,247,0
15,NA,Service deficit emphasis,0.2684062536210802,248,0
87,NA,Service deficit emphasis,0.1934020670688458,269,0
70,NA,Service deficit emphasis,0.26830638085459957,249,0
14,NA,Service deficit emphasis,0.2669917129201826,250,0
22,NA,Service deficit emphasis,0.2668930751240028,251,0
23,NA,Service deficit emphasis,0.26686189445639463,252,0
128,NA,Service deficit emphasis,0.18797301589011378,270,0
180,NA,Service deficit emphasis,0.2585939415407326,253,0
211,NA,Service deficit emphasis,0.33339187223741046,240,0
52,NA,Service deficit emphasis,0.25825480448567756,254,0
142,NA,Service deficit emphasis,0.18055801436594665,271,0
194,NA,Service deficit emphasis,0.17752664356457334,272,0
43,NA,Service deficit emphasis,0.24985614048867075,256,0
267,NA,Service deficit emphasis,0.31172975330996416,242,0
225,NA,Service deficit emphasis,0.23649012215212936,261,0
57,NA,Service deficit emphasis,0.1495979707227504,273,0
236,NA,Service deficit emphasis,0.2048153567258525,268,0
17,NA,Service deficit emphasis,0.12251380128436455,274,0
239,NA,Service deficit emphasis,0.11323880462880939,275,0
10,NA,Service deficit emphasis,0.10207909016264177,276,0
64,NA,Service deficit emphasis,0.09554884548669568,277,0
226,NA,Service deficit emphasis,0.08990472001916103,278,0
39,NA,Service deficit emphasis,0.06585701126102128,279,0
230,NA,Service deficit emphasis,0.022234475702906823,280,0
174,NA,No burden term,0.9526450078005375,1,1
148,NA,No burden term,0.9469925722859606,2,1
190,NA,No burden term,0.9461109209472023,3,1
92,NA,No burden term,0.9027202110809613,4,1
126,NA,No burden term,0.8874016896785635,5,1
78,NA,No burden term,0.8841049802607959,6,1
83,NA,No burden term,0.8822658168763459,7,1
111,NA,No burden term,0.8804954256837715,8,1
25,NA,No burden term,0.8791779698226099,9,1
168,NA,No burden term,0.8709365976197551,10,1
104,NA,No burden term,0.8682787839804937,11,1
90,NA,No burden term,0.8512001290381512,12,1
172,NA,No burden term,0.8483099229645235,13,1
163,NA,No burden term,0.8417756566226636,14,1
189,NA,No burden term,0.840012959659763,15,1
170,NA,No burden term,0.8384051249405663,16,1
134,NA,No burden term,0.8380116654208121,17,1
94,NA,No burden term,0.8363462209383112,18,1
178,NA,No burden term,0.8360594761772984,19,1
130,NA,No burden term,0.8350005477142448,20,1
93,NA,No burden term,0.8273701063626828,21,1
171,NA,No burden term,0.8249626989425871,22,1
138,NA,No burden term,0.8216415329723611,23,1
164,NA,No burden term,0.8185504206247447,24,1
96,NA,No burden term,0.8170401576482411,25,1
123,NA,No burden term,0.8163597576536009,26,1
255,NA,No burden term,0.8145861782006719,27,1
84,NA,No burden term,0.8141836220620113,28,1
191,NA,No burden term,0.8096117781946515,29,1
139,NA,No burden term,0.806196321828988,30,1
97,NA,No burden term,0.8057337938915332,31,1
34,NA,No burden term,0.8032836246126057,32,1
175,NA,No burden term,0.8007041422553652,33,1
105,NA,No burden term,0.798981605653537,34,1
99,NA,No burden term,0.7984025457395204,35,1
60,NA,No burden term,0.79524827850034,36,1
137,NA,No burden term,0.7949144016879721,37,1
88,NA,No burden term,0.793025220195601,38,1
115,NA,No burden term,0.7928067595740229,39,1
187,NA,No burden term,0.7915727848711602,40,1
177,NA,No burden term,0.7911328238898848,41,1
35,NA,No burden term,0.790547144522002,42,1
146,NA,No burden term,0.7873258051639098,43,1
141,NA,No burden term,0.7871070298489773,44,1
161,NA,No burden term,0.7845027558886923,45,1
160,NA,No burden term,0.7843605847795394,46,1
162,NA,No burden term,0.7835541574339698,47,1
152,NA,No burden term,0.7828503913048449,48,1
122,NA,No burden term,0.7799633450687657,49,1
166,NA,No burden term,0.7787805614494332,50,1
208,NA,No burden term,0.7779904182829427,51,0
33,NA,No burden term,0.7767051498841984,52,0
125,NA,No burden term,0.7642839869978735,53,0
101,NA,No burden term,0.7625987233647783,54,0
253,NA,No burden term,0.7585667889965609,55,0
95,NA,No burden term,0.7557575481586662,56,0
117,NA,No burden term,0.7547767216117084,57,0
176,NA,No burden term,0.7532773367489732,58,0
55,NA,No burden term,0.7502877283722431,59,0
135,NA,No burden term,0.7451601686903924,60,0
53,NA,No burden term,0.7436230104258085,61,0
98,NA,No burden term,0.7397048080953493,62,0
136,NA,No burden term,0.7377524675832595,63,0
108,NA,No burden term,0.7374231588781224,64,0
74,NA,No burden term,0.7370231385625688,65,0
133,NA,No burden term,0.7360463243515479,66,0
206,NA,No burden term,0.7348267172908691,67,0
173,NA,No burden term,0.7336288448192773,68,0
119,NA,No burden term,0.7333692654548334,69,0
182,NA,No burden term,0.7295696169016731,70,0
124,NA,No burden term,0.728816106703666,71,0
129,NA,No burden term,0.7274442099024265,72,0
209,NA,No burden term,0.724083325660073,73,0
68,NA,No burden term,0.7220394412571142,74,0
59,NA,No burden term,0.7210820851945633,75,0
127,NA,No burden term,0.7147577608086149,76,0
210,NA,No burden term,0.7146347517938992,77,0
109,NA,No burden term,0.7127108379428597,78,0
157,NA,No burden term,0.7117814153471453,79,0
140,NA,No burden term,0.7114912192943305,80,0
77,NA,No burden term,0.706004273337626,81,0
85,NA,No burden term,0.705190699776661,82,0
72,NA,No burden term,0.702869600543681,83,0
13,NA,No burden term,0.7026835581511715,84,0
69,NA,No burden term,0.7021054462329274,85,0
76,NA,No burden term,0.7014878900526457,86,0
240,NA,No burden term,0.7011600696041453,87,0
143,NA,No burden term,0.7001212704385691,88,0
24,NA,No burden term,0.6987539913196031,89,0
151,NA,No burden term,0.6984559140046742,90,0
21,NA,No burden term,0.6980959967531328,91,0
185,NA,No burden term,0.6972432926877608,92,0
61,NA,No burden term,0.6968982155086025,93,0
188,NA,No burden term,0.6963676234927433,94,0
30,NA,No burden term,0.6956838297543282,95,0
75,NA,No burden term,0.695397803554632,96,0
45,NA,No burden term,0.6953939799140236,97,0
47,NA,No burden term,0.6953204875350748,98,0
44,NA,No burden term,0.6879174740695948,99,0
181,NA,No burden term,0.6865479474121039,100,0
50,NA,No burden term,0.6863286406290063,101,0
48,NA,No burden term,0.6854807276514749,102,0
8,NA,No burden term,0.6827602186511016,103,0
156,NA,No burden term,0.682578007713528,104,0
144,NA,No burden term,0.6823728303412739,105,0
179,NA,No burden term,0.6810040735695198,106,0
193,NA,No burden term,0.6766236541443651,107,0
241,NA,No burden term,0.6763811901497518,108,0
5,NA,No burden term,0.6758821958237776,109,0
242,NA,No burden term,0.671923187994396,110,0
254,NA,No burden term,0.6692387897725817,111,0
184,NA,No burden term,0.6688973791793611,112,0
11,NA,No burden term,0.6672342208713272,113,0
42,NA,No burden term,0.6663437843572722,114,0
54,NA,No burden term,0.6629981208679704,115,0
149,NA,No burden term,0.6595875587036442,116,0
199,NA,No burden term,0.6594013449917113,117,0
250,NA,No burden term,0.6584021633427348,118,0
251,NA,No burden term,0.6552403514588776,119,0
66,NA,No burden term,0.654954108174091,120,0
266,NA,No burden term,0.6512280950949492,121,0
118,NA,No burden term,0.6462489926298562,122,0
223,NA,No burden term,0.6439115086762475,123,0
222,NA,No burden term,0.6416986255917637,124,0
4,NA,No burden term,0.6379518960473066,125,0
121,NA,No burden term,0.634924474613481,126,0
79,NA,No burden term,0.6341389886392355,127,0
3,NA,No burden term,0.633106781477453,128,0
37,NA,No burden term,0.6325692953455061,129,0
224,NA,No burden term,0.6322962712915206,130,0
63,NA,No burden term,0.6270273114012658,131,0
228,NA,No burden term,0.6252844596886562,132,0
237,NA,No burden term,0.6193380164735827,133,0
89,NA,No burden term,0.6158486998334868,134,0
246,NA,No burden term,0.6134789960367548,135,0
234,NA,No burden term,0.6124122538737097,136,0
31,NA,No burden term,0.611784308757688,137,0
131,NA,No burden term,0.6111932604882016,138,0
158,NA,No burden term,0.6106832809699213,139,0
71,NA,No burden term,0.6086400705209972,140,0
235,NA,No burden term,0.5967542155503294,141,0
114,NA,No burden term,0.5963258319106757,142,0
16,NA,No burden term,0.5936685361498891,143,0
19,NA,No burden term,0.5934431588043558,144,0
18,NA,No burden term,0.5918547425669891,145,0
207,NA,No burden term,0.5910797834634659,146,0
73,NA,No burden term,0.587897217312213,147,0
145,NA,No burden term,0.5876187122709698,148,0
238,NA,No burden term,0.5864022011692879,149,0
217,NA,No burden term,0.5830276006487309,150,0
220,NA,No burden term,0.5821930755718,151,0
249,NA,No burden term,0.5817533157773904,152,0
243,NA,No burden term,0.5802482533189562,153,0
159,NA,No burden term,0.578972759090285,154,0
216,NA,No burden term,0.5784212427919839,155,0
229,NA,No burden term,0.5770226050724728,156,0
150,NA,No burden term,0.5754606427308052,157,0
245,NA,No burden term,0.5740091825158153,158,0
154,NA,No burden term,0.5728513822832085,159,0
132,NA,No burden term,0.5726572283908609,160,0
80,NA,No burden term,0.5693380269219247,161,0
155,NA,No burden term,0.5656468687804073,162,0
26,NA,No burden term,0.562676656969296,163,0
51,NA,No burden term,0.5619756075324189,164,0
62,NA,No burden term,0.5591415961023765,165,0
183,NA,No burden term,0.5590632638687965,166,0
100,NA,No burden term,0.5548394094476259,167,0
271,NA,No burden term,0.5507360314434464,168,0
192,NA,No burden term,0.549423242977368,169,0
213,NA,No burden term,0.5477628599312652,170,0
258,NA,No burden term,0.5475598048758982,171,0
272,NA,No burden term,0.543742813072721,172,0
215,NA,No burden term,0.541910602678118,173,0
120,NA,No burden term,0.5415551913519306,174,0
9,NA,No burden term,0.5410896265893561,175,0
259,NA,No burden term,0.540802126311952,176,0
200,NA,No burden term,0.5407182246338736,177,0
6,NA,No burden term,0.5404987637428227,178,0
41,NA,No burden term,0.5388973785476542,179,0
214,NA,No burden term,0.5381534528341692,180,0
203,NA,No burden term,0.537974766314288,181,0
40,NA,No burden term,0.5371331465164375,182,0
205,NA,No burden term,0.5365356422032341,183,0
197,NA,No burden term,0.5360334910924296,184,0
67,NA,No burden term,0.5359547947252792,185,0
264,NA,No burden term,0.5359195445329038,186,0
103,NA,No burden term,0.5358618715825413,187,0
232,NA,No burden term,0.5345655863454868,188,0
1,NA,No burden term,0.5343588385134863,189,0
273,NA,No burden term,0.5336050277698237,190,0
276,NA,No burden term,0.5328808110737565,191,0
278,NA,No burden term,0.5310128855072365,192,0
256,NA,No burden term,0.5307683143394005,193,0
252,NA,No burden term,0.5284210943095498,194,0
280,NA,No burden term,0.5279849159186791,195,0
263,NA,No burden term,0.5274277126409759,196,0
116,NA,No burden term,0.5264553244387691,197,0
274,NA,No burden term,0.5247786399668155,198,0
195,NA,No burden term,0.5232022482085615,199,0
38,NA,No burden term,0.5213116790343404,200,0
32,NA,No burden term,0.5207128584437665,201,0
227,NA,No burden term,0.5205310732333188,202,0
106,NA,No burden term,0.5191976010576755,203,0
270,NA,No burden term,0.5182040285125346,204,0
268,NA,No burden term,0.5173080046208345,205,0
247,NA,No burden term,0.5138642722293776,206,0
221,NA,No burden term,0.5115475897231676,207,0
58,NA,No burden term,0.5096460482963575,208,0
113,NA,No burden term,0.49794049051209566,209,0
110,NA,No burden term,0.4954656785830076,210,0
107,NA,No burden term,0.4922186452385616,211,0
244,NA,No burden term,0.4768215970092293,212,0
20,NA,No burden term,0.47191646254827135,213,0
233,NA,No burden term,0.4713392181580507,214,0
212,NA,No burden term,0.46579191229976874,215,0
219,NA,No burden term,0.4581329516865106,216,0
28,NA,No burden term,0.4544480951348181,217,0
46,NA,No burden term,0.4341885005105313,218,0
7,NA,No burden term,0.42473214263993597,219,0
262,NA,No burden term,0.42196111813190573,220,0
169,NA,No burden term,0.4218861285995834,221,0
153,NA,No burden term,0.4210208822861441,222,0
201,NA,No burden term,0.41968094080886964,223,0
204,NA,No burden term,0.4192267674538701,224,0
265,NA,No burden term,0.4179082793656753,225,0
49,NA,No burden term,0.4177931379440906,226,0
202,NA,No burden term,0.4170216934958034,227,0
102,NA,No burden term,0.4161981059198183,228,0
257,NA,No burden term,0.41370952853245585,229,0
261,NA,No burden term,0.41351434224732386,230,0
198,NA,No burden term,0.4088855911227903,231,0
260,NA,No burden term,0.4081708042716008,232,0
65,NA,No burden term,0.40799671384703246,233,0
36,NA,No burden term,0.4050052324164341,234,0
86,NA,No burden term,0.40408333930237705,235,0
277,NA,No burden term,0.404019354014862,236,0
231,NA,No burden term,0.4034852881193127,237,0
279,NA,No burden term,0.4020849348073428,238,0
186,NA,No burden term,0.40123593620827,239,0
269,NA,No burden term,0.3997821621498615,240,0
147,NA,No burden term,0.39687144007134784,241,0
2,NA,No burden term,0.3960925417565777,242,0
275,NA,No burden term,0.392725713518258,243,0
167,NA,No burden term,0.38800022654593613,244,0
91,NA,No burden term,0.38695649339072535,245,0
218,NA,No burden term,0.3765025442209999,246,0
56,NA,No burden term,0.376107135019241,247,0
165,NA,No burden term,0.36665805823230513,248,0
112,NA,No burden term,0.3652602697367299,249,0
27,NA,No burden term,0.35471649424532203,250,0
196,NA,No burden term,0.34678516097445944,251,0
81,NA,No burden term,0.3463365293127766,252,0
82,NA,No burden term,0.34563604569322315,253,0
248,NA,No burden term,0.33150692877513055,254,0
29,NA,No burden term,0.3287012666570724,255,0
12,NA,No burden term,0.3275636125778088,256,0
15,NA,No burden term,0.32234375594421255,257,0
87,NA,No burden term,0.3223367783820694,258,0
70,NA,No burden term,0.32217730142214573,259,0
14,NA,No burden term,0.31998618813723134,260,0
22,NA,No burden term,0.31982179187016163,261,0
23,NA,No burden term,0.31976982408406335,262,0
128,NA,No burden term,0.3132883596596531,263,0
180,NA,No burden term,0.30598990209715793,264,0
211,NA,No burden term,0.305653119695127,265,0
52,NA,No burden term,0.30542467414004104,266,0
142,NA,No burden term,0.3009300211694071,267,0
194,NA,No burden term,0.29587773898239944,268,0
43,NA,No burden term,0.29142690076878625,269,0
267,NA,No burden term,0.26954958812934815,270,0
225,NA,No burden term,0.26915020316112176,271,0
57,NA,No burden term,0.2493299509139511,272,0
236,NA,No burden term,0.21635892783317717,273,0
17,NA,No burden term,0.20418966876610428,274,0
239,NA,No burden term,0.18873134102902753,275,0
10,NA,No burden term,0.1701318165394313,276,0
64,NA,No burden term,0.159248075782995,277,0
226,NA,No burden term,0.1498411995523087,278,0
39,NA,No burden term,0.10976168542568848,279,0
230,NA,No burden term,0.037057459230101154,280,0
174,NA,Death-heavy,0.7621160062440244,1,1
148,NA,Death-heavy,0.7575940578408102,2,1
190,NA,Death-heavy,0.7568887367755288,3,1
92,NA,Death-heavy,0.7221761688705368,4,1
126,NA,Death-heavy,0.7099213517851378,5,1
78,NA,Death-heavy,0.707283984210665,6,1
83,NA,Death-heavy,0.705812653503301,7,1
111,NA,Death-heavy,0.7043963405537812,8,1
25,NA,Death-heavy,0.703342375921746,9,1
168,NA,Death-heavy,0.6967492781662956,10,1
104,NA,Death-heavy,0.694623027188207,11,1
90,NA,Death-heavy,0.6809601032373148,12,1
172,NA,Death-heavy,0.6786479386438194,13,1
163,NA,Death-heavy,0.6734205253235371,14,1
189,NA,Death-heavy,0.672010367731364,15,1
170,NA,Death-heavy,0.6707240999643337,16,1
134,NA,Death-heavy,0.6704093323750229,17,1
94,NA,Death-heavy,0.6690769767665987,18,1
178,NA,Death-heavy,0.6688475809467074,19,1
130,NA,Death-heavy,0.6680004382070157,20,1
93,NA,Death-heavy,0.6618960850975297,21,1
171,NA,Death-heavy,0.6599701591615593,22,1
138,NA,Death-heavy,0.6573132264279525,23,1
164,NA,Death-heavy,0.6548403365515887,24,1
96,NA,Death-heavy,0.6536321261985589,25,1
123,NA,Death-heavy,0.6530878061238538,26,1
255,NA,Death-heavy,0.6516689425812374,27,1
84,NA,Death-heavy,0.651346897653352,28,1
191,NA,Death-heavy,0.6476894225856757,29,1
139,NA,Death-heavy,0.6449570574698131,30,1
97,NA,Death-heavy,0.644587035119754,31,1
34,NA,Death-heavy,0.6426268997120611,32,1
175,NA,Death-heavy,0.6405633144468368,33,1
105,NA,Death-heavy,0.6391852845268122,34,1
99,NA,Death-heavy,0.6387220366061189,35,1
60,NA,Death-heavy,0.6361986229423182,36,1
137,NA,Death-heavy,0.6359315213569187,37,1
88,NA,Death-heavy,0.6344201761602679,38,1
115,NA,Death-heavy,0.6342454076621493,39,1
187,NA,Death-heavy,0.6332582279355372,40,1
177,NA,Death-heavy,0.6329062591262166,41,1
35,NA,Death-heavy,0.6324377156224256,42,1
146,NA,Death-heavy,0.6298606441671556,43,1
141,NA,Death-heavy,0.6296856238966632,44,1
161,NA,Death-heavy,0.627602204750642,45,1
160,NA,Death-heavy,0.6274884678415743,46,1
162,NA,Death-heavy,0.626843326415373,47,1
152,NA,Death-heavy,0.6262803130626814,48,1
122,NA,Death-heavy,0.6239706760566018,49,1
166,NA,Death-heavy,0.6230244493970035,50,1
208,NA,Death-heavy,0.6223923346311633,51,0
33,NA,Death-heavy,0.6213641199144458,52,0
125,NA,Death-heavy,0.6114271897095985,53,0
101,NA,Death-heavy,0.610078978694127,54,0
253,NA,Death-heavy,0.60685343120513,55,0
95,NA,Death-heavy,0.6046060385571534,56,0
117,NA,Death-heavy,0.6038213772940176,57,0
176,NA,Death-heavy,0.6026218694410304,58,0
55,NA,Death-heavy,0.600230182717989,59,0
135,NA,Death-heavy,0.5961281349670015,60,0
53,NA,Death-heavy,0.5948984083429179,61,0
98,NA,Death-heavy,0.5917638464796869,62,0
136,NA,Death-heavy,0.5902019742669966,63,0
108,NA,Death-heavy,0.5899385271544259,64,0
74,NA,Death-heavy,0.5896185108511431,65,0
133,NA,Death-heavy,0.5888370594875846,66,0
206,NA,Death-heavy,0.5878613738363064,67,0
173,NA,Death-heavy,0.5869030759055902,68,0
119,NA,Death-heavy,0.5866954123712457,69,0
182,NA,Death-heavy,0.5836556935806664,70,0
124,NA,Death-heavy,0.5830528853649434,71,0
129,NA,Death-heavy,0.5819553679475493,72,0
209,NA,Death-heavy,0.5792666605335605,73,0
68,NA,Death-heavy,0.5776315530105967,74,0
59,NA,Death-heavy,0.5768656681661453,75,0
127,NA,Death-heavy,0.5718062086494408,76,0
210,NA,Death-heavy,0.5717078014433143,77,0
109,NA,Death-heavy,0.5701686703593679,78,0
157,NA,Death-heavy,0.5694251322879388,79,0
140,NA,Death-heavy,0.5691929755226006,80,0
77,NA,Death-heavy,0.56480341867544,81,0
85,NA,Death-heavy,0.5641525598233643,82,0
72,NA,Death-heavy,0.5622956804402179,83,0
13,NA,Death-heavy,0.5621468465254081,84,0
69,NA,Death-heavy,0.5616843569891904,85,0
76,NA,Death-heavy,0.5611903120718396,86,0
240,NA,Death-heavy,0.5609280556839435,87,0
143,NA,Death-heavy,0.5600970163738983,88,0
24,NA,Death-heavy,0.5590031930563988,89,0
151,NA,Death-heavy,0.5587647312753042,90,0
21,NA,Death-heavy,0.5584767974295697,91,0
185,NA,Death-heavy,0.5577946342109075,92,0
61,NA,Death-heavy,0.5575185731465966,93,0
188,NA,Death-heavy,0.5570940988864487,94,0
30,NA,Death-heavy,0.556547063814128,95,0
75,NA,Death-heavy,0.5563182428444495,96,0
45,NA,Death-heavy,0.55631518395307,97,0
47,NA,Death-heavy,0.5562563900743996,98,0
44,NA,Death-heavy,0.550333979292243,99,0
181,NA,Death-heavy,0.5492383580676254,100,0
50,NA,Death-heavy,0.5490629125075621,101,0
48,NA,Death-heavy,0.5483845821235361,102,0
8,NA,Death-heavy,0.5462081749883744,103,0
156,NA,Death-heavy,0.5460624061731828,104,0
144,NA,Death-heavy,0.5458982651885547,105,0
179,NA,Death-heavy,0.544803258888239,106,0
193,NA,Death-heavy,0.5412989233206114,107,0
241,NA,Death-heavy,0.5411049521209979,108,0
5,NA,Death-heavy,0.5407057567542082,109,0
242,NA,Death-heavy,0.5375385503981286,110,0
254,NA,Death-heavy,0.5353910319229133,111,0
184,NA,Death-heavy,0.5351179034056713,112,0
11,NA,Death-heavy,0.5337873767209113,113,0
42,NA,Death-heavy,0.5330750275357827,114,0
54,NA,Death-heavy,0.5303984967219433,115,0
149,NA,Death-heavy,0.5276700469730488,116,0
199,NA,Death-heavy,0.5275210760846286,117,0
250,NA,Death-heavy,0.5267217306749044,118,0
251,NA,Death-heavy,0.5241922811728004,119,0
66,NA,Death-heavy,0.5239632866733395,120,0
266,NA,Death-heavy,0.5209824762146495,121,0
118,NA,Death-heavy,0.5169991941067966,122,0
223,NA,Death-heavy,0.5151292077765238,123,0
222,NA,Death-heavy,0.5133589004860585,124,0
4,NA,Death-heavy,0.5103615168488913,125,0
121,NA,Death-heavy,0.5079395806404634,126,0
79,NA,Death-heavy,0.5073111913836074,127,0
3,NA,Death-heavy,0.5064854252471261,128,0
37,NA,Death-heavy,0.5060554362817781,129,0
224,NA,Death-heavy,0.5058370170384724,130,0
63,NA,Death-heavy,0.5016218491237796,131,0
228,NA,Death-heavy,0.5002275677525089,132,0
237,NA,Death-heavy,0.4954704131973657,133,0
89,NA,Death-heavy,0.4926789598789332,134,0
246,NA,Death-heavy,0.4907831968880267,135,0
234,NA,Death-heavy,0.4899298031079595,136,0
31,NA,Death-heavy,0.48942744707205793,137,0
131,NA,Death-heavy,0.48895460839296856,138,0
158,NA,Death-heavy,0.48854662477827454,139,0
71,NA,Death-heavy,0.48691205641781987,140,0
235,NA,Death-heavy,0.4774033724526183,141,0
114,NA,Death-heavy,0.47706066618159004,142,0
16,NA,Death-heavy,0.4749348289228625,143,0
19,NA,Death-heavy,0.47475452705808147,144,0
18,NA,Death-heavy,0.4734837941310146,145,0
207,NA,Death-heavy,0.47286382752509704,146,0
73,NA,Death-heavy,0.47031777385212237,147,0
145,NA,Death-heavy,0.47009496991429767,148,0
238,NA,Death-heavy,0.4691217610043333,149,0
217,NA,Death-heavy,0.46642208054935247,150,0
220,NA,Death-heavy,0.4657544604782392,151,0
249,NA,Death-heavy,0.4654026526388663,152,0
243,NA,Death-heavy,0.46419860267800755,153,0
159,NA,Death-heavy,0.46317820727896597,154,0
216,NA,Death-heavy,0.4627369942378704,155,0
229,NA,Death-heavy,0.4616180840658402,156,0
150,NA,Death-heavy,0.4603685141927677,157,0
245,NA,Death-heavy,0.45920734621085824,158,0
154,NA,Death-heavy,0.4582811058698858,159,0
132,NA,Death-heavy,0.45812578271671844,160,0
80,NA,Death-heavy,0.45547042154085293,161,0
155,NA,Death-heavy,0.45251749505326994,162,0
26,NA,Death-heavy,0.4501413255884606,163,0
51,NA,Death-heavy,0.4495804860311885,164,0
62,NA,Death-heavy,0.4473132773223359,165,0
183,NA,Death-heavy,0.447250620136032,166,0
100,NA,Death-heavy,0.4438715277093113,167,0
271,NA,Death-heavy,0.44058882516519676,168,0
192,NA,Death-heavy,0.43953859438430976,169,0
213,NA,Death-heavy,0.43821028795107847,170,0
258,NA,Death-heavy,0.438047843928187,171,0
272,NA,Death-heavy,0.43499425048420376,172,0
215,NA,Death-heavy,0.4335284823842419,173,0
120,NA,Death-heavy,0.4332441530844481,174,0
9,NA,Death-heavy,0.4328717013143394,175,0
259,NA,Death-heavy,0.43264170173707456,176,0
200,NA,Death-heavy,0.43257457977565456,177,0
6,NA,Death-heavy,0.43239901100497163,178,0
41,NA,Death-heavy,0.43111790286705787,179,0
214,NA,Death-heavy,0.4305227622699145,180,0
203,NA,Death-heavy,0.4303798131124079,181,0
40,NA,Death-heavy,0.42970651753626865,182,0
205,NA,Death-heavy,0.42922851393495565,183,0
197,NA,Death-heavy,0.4288267931478262,184,0
67,NA,Death-heavy,0.42876383579333227,185,0
264,NA,Death-heavy,0.4287356356294434,186,0
103,NA,Death-heavy,0.42868949731915346,187,0
232,NA,Death-heavy,0.4276524690839014,188,0
1,NA,Death-heavy,0.4274870709430586,189,0
273,NA,Death-heavy,0.42688402223981636,190,0
276,NA,Death-heavy,0.4263046488889209,191,0
278,NA,Death-heavy,0.42481030841516965,192,0
256,NA,Death-heavy,0.4246146515066745,193,0
252,NA,Death-heavy,0.4227368754581278,194,0
280,NA,Death-heavy,0.4223879336021596,195,0
263,NA,Death-heavy,0.42194217013786983,196,0
116,NA,Death-heavy,0.42116425955458825,197,0
274,NA,Death-heavy,0.419822912022414,198,0
195,NA,Death-heavy,0.4185617986406355,199,0
38,NA,Death-heavy,0.4170493432357948,200,0
32,NA,Death-heavy,0.41657028678595337,201,0
227,NA,Death-heavy,0.4164248591114689,202,0
106,NA,Death-heavy,0.4153580808584506,203,0
270,NA,Death-heavy,0.4145632228455562,204,0
268,NA,Death-heavy,0.4138464037036817,205,0
247,NA,Death-heavy,0.41109141783273423,206,0
221,NA,Death-heavy,0.40923807179996047,207,0
58,NA,Death-heavy,0.40771684266998076,208,0
113,NA,Death-heavy,0.3983523997427362,209,0
110,NA,Death-heavy,0.39637254388001253,210,0
107,NA,Death-heavy,0.39377491622351646,211,0
244,NA,Death-heavy,0.381457277774121,212,0
20,NA,Death-heavy,0.37753317103186207,213,0
233,NA,Death-heavy,0.3770713746059604,214,0
212,NA,Death-heavy,0.3726335298465462,215,0
219,NA,Death-heavy,0.3665063614039375,216,0
28,NA,Death-heavy,0.3635584761259576,217,0
46,NA,Death-heavy,0.34735080049192407,218,0
7,NA,Death-heavy,0.33978571417736975,219,0
262,NA,Death-heavy,0.33756889453147026,220,0
169,NA,Death-heavy,0.3375089029427616,221,0
153,NA,Death-heavy,0.33681670607009234,222,0
201,NA,Death-heavy,0.33574475285686045,223,0
204,NA,Death-heavy,0.3353814144244835,224,0
265,NA,Death-heavy,0.33432662350596787,225,0
49,NA,Death-heavy,0.33423451044211655,226,0
202,NA,Death-heavy,0.33361735516090024,227,0
102,NA,Death-heavy,0.33295848474136125,228,0
257,NA,Death-heavy,0.33096769888376193,229,0
261,NA,Death-heavy,0.3308114776043412,230,0
198,NA,Death-heavy,0.3271084729104305,231,0
260,NA,Death-heavy,0.32653664437333363,232,0
65,NA,Death-heavy,0.32639737118424733,233,0
36,NA,Death-heavy,0.32400418594563896,234,0
86,NA,Death-heavy,0.32326667145921,235,0
277,NA,Death-heavy,0.3232154834798676,236,0
231,NA,Death-heavy,0.32278823062639245,237,0
279,NA,Death-heavy,0.32166794790597225,238,0
186,NA,Death-heavy,0.32098874902011,239,0
269,NA,Death-heavy,0.3198257297331818,240,0
147,NA,Death-heavy,0.3174971558779095,241,0
2,NA,Death-heavy,0.3168740355729691,242,0
275,NA,Death-heavy,0.31418057082663853,243,0
167,NA,Death-heavy,0.3104001813030481,244,0
91,NA,Death-heavy,0.3095651947201619,245,0
218,NA,Death-heavy,0.3012020353887306,246,0
56,NA,Death-heavy,0.30088570939987813,247,0
165,NA,Death-heavy,0.2933264495286397,248,0
112,NA,Death-heavy,0.29220821592701446,249,0
27,NA,Death-heavy,0.2837731954916427,250,0
196,NA,Death-heavy,0.27742812897318514,251,0
81,NA,Death-heavy,0.2770692234691706,252,0
82,NA,Death-heavy,0.2765088365761591,253,0
248,NA,Death-heavy,0.26520554331956253,254,0
29,NA,Death-heavy,0.26296101340918154,255,0
12,NA,Death-heavy,0.26205089012303917,256,0
15,NA,Death-heavy,0.25787500486447545,257,0
87,NA,Death-heavy,0.25786942278486386,258,0
70,NA,Death-heavy,0.25774184114034093,259,0
14,NA,Death-heavy,0.25598895058547266,260,0
22,NA,Death-heavy,0.255857433499941,261,0
23,NA,Death-heavy,0.255815859279164,262,0
128,NA,Death-heavy,0.25063068791636633,263,0
180,NA,Death-heavy,0.24479192224260218,264,0
211,NA,Death-heavy,0.24452249659677017,265,0
52,NA,Death-heavy,0.24433973931533876,266,0
142,NA,Death-heavy,0.2407440202641305,267,0
194,NA,Death-heavy,0.23670219153618693,268,0
43,NA,Death-heavy,0.23314152066982705,269,0
267,NA,Death-heavy,0.21563967136818904,270,0
225,NA,Death-heavy,0.21532016303981,271,0
57,NA,Death-heavy,0.19946396107992045,272,0
236,NA,Death-heavy,0.17308714231843414,273,0
17,NA,Death-heavy,0.16335173506228742,274,0
239,NA,Death-heavy,0.15098507284600782,275,0
10,NA,Death-heavy,0.13610545370951105,276,0
64,NA,Death-heavy,0.1273984606601934,277,0
226,NA,Death-heavy,0.11987296021739857,278,0
39,NA,Death-heavy,0.08780934835176718,279,0
230,NA,Death-heavy,0.029645967713773185,280,0
174,NA,Admission-heavy,0.7621160065861775,1,1
148,NA,Admission-heavy,0.757594060828953,2,1
190,NA,Admission-heavy,0.7568887432845689,3,1
92,NA,Admission-heavy,0.7221761691987586,4,1
126,NA,Admission-heavy,0.7099213538012541,5,1
78,NA,Admission-heavy,0.7072839842464506,6,1
83,NA,Admission-heavy,0.7058126535367487,7,1
111,NA,Admission-heavy,0.7043963406352874,8,1
25,NA,Admission-heavy,0.7033423926546464,9,1
168,NA,Admission-heavy,0.6967492955032143,10,1
104,NA,Admission-heavy,0.6946230272468292,11,1
90,NA,Admission-heavy,0.6809601033688396,12,1
172,NA,Admission-heavy,0.678648122860001,13,1
163,NA,Admission-heavy,0.67342052654765,14,1
189,NA,Admission-heavy,0.6720103677717967,15,1
170,NA,Admission-heavy,0.6707241003123171,16,1
134,NA,Admission-heavy,0.6704093337996951,17,1
94,NA,Admission-heavy,0.6690769771456622,18,1
178,NA,Admission-heavy,0.6688475810102663,19,1
130,NA,Admission-heavy,0.6680004395583391,20,1
93,NA,Admission-heavy,0.6618960851790561,21,1
171,NA,Admission-heavy,0.6599701592518644,22,1
138,NA,Admission-heavy,0.6573132293630732,23,1
164,NA,Admission-heavy,0.6548403468258883,24,1
96,NA,Admission-heavy,0.6536321314497704,25,1
123,NA,Admission-heavy,0.653087806128348,26,1
255,NA,Admission-heavy,0.6516689429017573,27,1
84,NA,Admission-heavy,0.6513468976864348,28,1
191,NA,Admission-heavy,0.6476894237618847,29,1
139,NA,Admission-heavy,0.6449570575359403,30,1
97,NA,Admission-heavy,0.6445870351629941,31,1
34,NA,Admission-heavy,0.6426269001289739,32,1
175,NA,Admission-heavy,0.6405634050552947,33,1
105,NA,Admission-heavy,0.6391852845602446,34,1
99,NA,Admission-heavy,0.6387220367753768,35,1
60,NA,Admission-heavy,0.636198632647321,36,1
137,NA,Admission-heavy,0.6359315214106007,37,1
88,NA,Admission-heavy,0.6344201762246862,38,1
115,NA,Admission-heavy,0.6342454076788727,39,1
187,NA,Admission-heavy,0.6332582290948897,40,1
177,NA,Admission-heavy,0.6329062639480596,41,1
35,NA,Admission-heavy,0.6324377156553384,42,1
146,NA,Admission-heavy,0.6298606450294869,43,1
141,NA,Admission-heavy,0.6296856240947356,44,1
161,NA,Admission-heavy,0.6276022082565405,45,1
160,NA,Admission-heavy,0.6274884682476284,46,1
162,NA,Admission-heavy,0.6268433556408847,47,1
152,NA,Admission-heavy,0.6262803133481498,48,1
122,NA,Admission-heavy,0.6239706760630138,49,1
166,NA,Admission-heavy,0.6230244677255093,50,1
208,NA,Admission-heavy,0.6223923346681463,51,0
33,NA,Admission-heavy,0.6213641199638866,52,0
125,NA,Admission-heavy,0.6114271956553483,53,0
101,NA,Admission-heavy,0.6100789787050142,54,0
253,NA,Admission-heavy,0.6068534312524806,55,0
95,NA,Admission-heavy,0.6046060389389842,56,0
117,NA,Admission-heavy,0.6038213773172699,57,0
176,NA,Admission-heavy,0.6026218703465143,58,0
55,NA,Admission-heavy,0.6002301828569903,59,0
135,NA,Admission-heavy,0.5961281366192687,60,0
53,NA,Admission-heavy,0.5948984083474469,61,0
98,NA,Admission-heavy,0.5917638467304152,62,0
136,NA,Admission-heavy,0.5902019779361427,63,0
108,NA,Admission-heavy,0.5899385282522643,64,0
74,NA,Admission-heavy,0.5896185108529602,65,0
133,NA,Admission-heavy,0.5888370595164756,66,0
206,NA,Admission-heavy,0.5878613738460262,67,0
173,NA,Admission-heavy,0.5869030766896864,68,0
119,NA,Admission-heavy,0.5866954124068691,69,0
182,NA,Admission-heavy,0.5836556941189577,70,0
124,NA,Admission-heavy,0.583052885371744,71,0
129,NA,Admission-heavy,0.5819553690555178,72,0
209,NA,Admission-heavy,0.5792666605492821,73,0
68,NA,Admission-heavy,0.5776315530238271,74,0
59,NA,Admission-heavy,0.5768656682118949,75,0
127,NA,Admission-heavy,0.571806208654162,76,0
210,NA,Admission-heavy,0.5717078014680407,77,0
109,NA,Admission-heavy,0.5701686703792569,78,0
157,NA,Admission-heavy,0.5694251323223809,79,0
140,NA,Admission-heavy,0.5691929767465143,80,0
77,NA,Admission-heavy,0.5648034186882308,81,0
85,NA,Admission-heavy,0.5641525598274593,82,0
72,NA,Admission-heavy,0.5622956804540596,83,0
13,NA,Admission-heavy,0.5621468465771836,84,0
69,NA,Admission-heavy,0.5616843570186086,85,0
76,NA,Admission-heavy,0.5611903122013165,86,0
240,NA,Admission-heavy,0.5609280556845369,87,0
143,NA,Admission-heavy,0.5600970260334043,88,0
24,NA,Admission-heavy,0.5590031930571068,89,0
151,NA,Admission-heavy,0.5587647324685512,90,0
21,NA,Admission-heavy,0.5584767975355329,91,0
185,NA,Admission-heavy,0.557794649921077,92,0
61,NA,Admission-heavy,0.5575186142151429,93,0
188,NA,Admission-heavy,0.5570941075357702,94,0
30,NA,Admission-heavy,0.5565470638447154,95,0
75,NA,Admission-heavy,0.5563182428695678,96,0
45,NA,Admission-heavy,0.5563151840583241,97,0
47,NA,Admission-heavy,0.5562563903873752,98,0
44,NA,Admission-heavy,0.5503339794876424,99,0
181,NA,Admission-heavy,0.5492383591254296,100,0
50,NA,Admission-heavy,0.5490629125171513,101,0
48,NA,Admission-heavy,0.548384582126918,102,0
8,NA,Admission-heavy,0.5462081753336075,103,0
156,NA,Admission-heavy,0.5460624061761971,104,0
144,NA,Admission-heavy,0.5458983249170822,105,0
179,NA,Admission-heavy,0.5448032590218432,106,0
193,NA,Admission-heavy,0.5412989233287316,107,0
241,NA,Admission-heavy,0.5411049521222301,108,0
5,NA,Admission-heavy,0.5407057591622632,109,0
242,NA,Admission-heavy,0.5375385504010963,110,0
254,NA,Admission-heavy,0.53539103927512,111,0
184,NA,Admission-heavy,0.5351179068505134,112,0
11,NA,Admission-heavy,0.5337873767726016,113,0
42,NA,Admission-heavy,0.5330750277156537,114,0
54,NA,Admission-heavy,0.5303985031703268,115,0
149,NA,Admission-heavy,0.5276700470009167,116,0
199,NA,Admission-heavy,0.5275210766023392,117,0
250,NA,Admission-heavy,0.526721730675371,118,0
251,NA,Admission-heavy,0.5241922811802453,119,0
66,NA,Admission-heavy,0.5239632873390047,120,0
266,NA,Admission-heavy,0.5209824767385908,121,0
118,NA,Admission-heavy,0.5169991941143928,122,0
223,NA,Admission-heavy,0.5151292145398665,123,0
222,NA,Admission-heavy,0.5133589005057179,124,0
4,NA,Admission-heavy,0.5103615170491259,125,0
121,NA,Admission-heavy,0.5079395797583796,126,0
79,NA,Admission-heavy,0.5073112007844945,127,0
3,NA,Admission-heavy,0.5064854260522457,128,0
37,NA,Admission-heavy,0.5060554362886962,129,0
224,NA,Admission-heavy,0.505837017044222,130,0
63,NA,Admission-heavy,0.5016218491265018,131,0
228,NA,Admission-heavy,0.5002275677535136,132,0
237,NA,Admission-heavy,0.4954704132304688,133,0
89,NA,Admission-heavy,0.4926789599096461,134,0
246,NA,Admission-heavy,0.4907831986282298,135,0
234,NA,Admission-heavy,0.4899298031205506,136,0
31,NA,Admission-heavy,0.4894274480234212,137,0
131,NA,Admission-heavy,0.48895460839615584,138,0
158,NA,Admission-heavy,0.488546624909482,139,0
71,NA,Admission-heavy,0.4869120564196657,140,0
235,NA,Admission-heavy,0.4774033724694316,141,0
114,NA,Admission-heavy,0.4770606704960488,142,0
16,NA,Admission-heavy,0.47493483652425045,143,0
19,NA,Admission-heavy,0.4747545270948227,144,0
18,NA,Admission-heavy,0.4734837944240538,145,0
207,NA,Admission-heavy,0.47286384925807035,146,0
73,NA,Admission-heavy,0.4703177738893062,147,0
145,NA,Admission-heavy,0.4700949717462181,148,0
238,NA,Admission-heavy,0.46912176115643867,149,0
217,NA,Admission-heavy,0.46642208059538737,150,0
220,NA,Admission-heavy,0.46575446050503794,151,0
249,NA,Admission-heavy,0.4654026526585324,152,0
243,NA,Admission-heavy,0.4641986027059057,153,0
159,NA,Admission-heavy,0.4631782072908453,154,0
216,NA,Admission-heavy,0.4627369942408097,155,0
229,NA,Admission-heavy,0.46161808407180777,156,0
150,NA,Admission-heavy,0.46036851420724834,157,0
245,NA,Admission-heavy,0.4592073466899865,158,0
154,NA,Admission-heavy,0.4582811080123297,159,0
132,NA,Admission-heavy,0.4581257827228631,160,0
80,NA,Admission-heavy,0.4554704215448865,161,0
155,NA,Admission-heavy,0.45251749648584483,162,0
26,NA,Admission-heavy,0.45014132676190294,163,0
51,NA,Admission-heavy,0.4495804860393319,164,0
62,NA,Admission-heavy,0.44731331597080165,165,0
183,NA,Admission-heavy,0.44725082040838127,166,0
100,NA,Admission-heavy,0.44387153962797554,167,0
271,NA,Admission-heavy,0.440588825170824,168,0
192,NA,Admission-heavy,0.43953859481021135,169,0
213,NA,Admission-heavy,0.4382102879544527,170,0
258,NA,Admission-heavy,0.43804784394926616,171,0
272,NA,Admission-heavy,0.4349942505101717,172,0
215,NA,Admission-heavy,0.4335284827960975,173,0
120,NA,Admission-heavy,0.43324415308803216,174,0
9,NA,Admission-heavy,0.4328717014081502,175,0
259,NA,Admission-heavy,0.4326417084620691,176,0
200,NA,Admission-heavy,0.4325745798460274,177,0
6,NA,Admission-heavy,0.43239901101787753,178,0
41,NA,Admission-heavy,0.43111790291832613,179,0
214,NA,Admission-heavy,0.4305227622708469,180,0
203,NA,Admission-heavy,0.43037981318828006,181,0
40,NA,Admission-heavy,0.4297065377890388,182,0
205,NA,Admission-heavy,0.4292285142179741,183,0
197,NA,Admission-heavy,0.42882681886504737,184,0
67,NA,Admission-heavy,0.42876383581248806,185,0
264,NA,Admission-heavy,0.42873563563053546,186,0
103,NA,Admission-heavy,0.4286894987371939,187,0
232,NA,Admission-heavy,0.42765246908793186,188,0
1,NA,Admission-heavy,0.4274870812884162,189,0
273,NA,Admission-heavy,0.4268840222612002,190,0
276,NA,Admission-heavy,0.4263046489166637,191,0
278,NA,Admission-heavy,0.42481030842070444,192,0
256,NA,Admission-heavy,0.42461465153776995,193,0
252,NA,Admission-heavy,0.42273687563060336,194,0
280,NA,Admission-heavy,0.42238793634928024,195,0
263,NA,Admission-heavy,0.42194217015671437,196,0
116,NA,Admission-heavy,0.42116425955932946,197,0
274,NA,Admission-heavy,0.419822912075319,198,0
195,NA,Admission-heavy,0.4185617987270086,199,0
38,NA,Admission-heavy,0.4170493432455459,200,0
32,NA,Admission-heavy,0.4165702868553345,201,0
227,NA,Admission-heavy,0.4164248825742524,202,0
106,NA,Admission-heavy,0.4153580810814621,203,0
270,NA,Admission-heavy,0.41456322287723735,204,0
268,NA,Admission-heavy,0.413846403706794,205,0
247,NA,Admission-heavy,0.41109141787971604,206,0
221,NA,Admission-heavy,0.40923807181596694,207,0
58,NA,Admission-heavy,0.40771697126832807,208,0
113,NA,Admission-heavy,0.39835243388987884,209,0
110,NA,Admission-heavy,0.39637268319517177,210,0
107,NA,Admission-heavy,0.39377493151819376,211,0
244,NA,Admission-heavy,0.38145727866871804,212,0
20,NA,Admission-heavy,0.37753318689031773,213,0
233,NA,Admission-heavy,0.3770713769087653,214,0
212,NA,Admission-heavy,0.37263352985180176,215,0
219,NA,Admission-heavy,0.36650636271508186,216,0
28,NA,Admission-heavy,0.36355847616745757,217,0
46,NA,Admission-heavy,0.3473508031022254,218,0
7,NA,Admission-heavy,0.3397857150857917,219,0
262,NA,Admission-heavy,0.33756889512076016,220,0
169,NA,Admission-heavy,0.33750890513947845,221,0
153,NA,Admission-heavy,0.33681671679482356,222,0
201,NA,Admission-heavy,0.33574475456104325,223,0
204,NA,Admission-heavy,0.3353814215309467,224,0
265,NA,Admission-heavy,0.3343266235148682,225,0
49,NA,Admission-heavy,0.3342345124002928,226,0
202,NA,Admission-heavy,0.3336173581152288,227,0
102,NA,Admission-heavy,0.33295848482682533,228,0
257,NA,Admission-heavy,0.33097993626222344,229,0
261,NA,Admission-heavy,0.3308114739669683,230,0
198,NA,Admission-heavy,0.32710847292279094,231,0
260,NA,Admission-heavy,0.32653670596315065,232,0
65,NA,Admission-heavy,0.3263973729363077,233,0
36,NA,Admission-heavy,0.32400418595773156,234,0
86,NA,Admission-heavy,0.32326667269879533,235,0
277,NA,Admission-heavy,0.3232154847514466,236,0
231,NA,Admission-heavy,0.3227882353715649,237,0
279,NA,Admission-heavy,0.32166794801590265,238,0
186,NA,Admission-heavy,0.32098875805469546,239,0
269,NA,Admission-heavy,0.31982572975751344,240,0
147,NA,Admission-heavy,0.31749740291525663,241,0
2,NA,Admission-heavy,0.3168741157377,242,0
275,NA,Admission-heavy,0.3141805709376791,243,0
167,NA,Admission-heavy,0.3104001867945267,244,0
91,NA,Admission-heavy,0.30956519574150815,245,0
218,NA,Admission-heavy,0.301202035573077,246,0
56,NA,Admission-heavy,0.3008857614635856,247,0
165,NA,Admission-heavy,0.2933264846661284,248,0
112,NA,Admission-heavy,0.2922082192667529,249,0
27,NA,Admission-heavy,0.28377319995988626,250,0
196,NA,Admission-heavy,0.27742813161630725,251,0
81,NA,Admission-heavy,0.2770692237239959,252,0
82,NA,Admission-heavy,0.2765088378384659,253,0
248,NA,Admission-heavy,0.26520555513724015,254,0
29,NA,Admission-heavy,0.26296101417849027,255,0
12,NA,Admission-heavy,0.2620508924527692,256,0
15,NA,Admission-heavy,0.2578750084068345,257,0
87,NA,Admission-heavy,0.257869426256701,258,0
70,NA,Admission-heavy,0.2577418412405267,259,0
14,NA,Admission-heavy,0.2559889512016718,260,0
22,NA,Admission-heavy,0.2558574337136672,261,0
23,NA,Admission-heavy,0.2558158609715372,262,0
128,NA,Admission-heavy,0.2506307305651302,263,0
180,NA,Admission-heavy,0.2447919514591192,264,0
211,NA,Admission-heavy,0.24452251126439498,265,0
52,NA,Admission-heavy,0.2443397393167704,266,0
142,NA,Admission-heavy,0.24074428955639832,267,0
194,NA,Admission-heavy,0.23670219710218787,268,0
43,NA,Admission-heavy,0.23314153214589117,269,0
267,NA,Admission-heavy,0.21563970376289412,270,0
225,NA,Admission-heavy,0.21532016404555415,271,0
57,NA,Admission-heavy,0.19946396767105737,272,0
236,NA,Admission-heavy,0.17308714297881111,273,0
17,NA,Admission-heavy,0.1633517359668088,274,0
239,NA,Admission-heavy,0.1509850731110685,275,0
10,NA,Admission-heavy,0.1361054782196204,276,0
64,NA,Admission-heavy,0.1273984615812796,277,0
226,NA,Admission-heavy,0.11987296653552564,278,0
39,NA,Admission-heavy,0.0878093491069535,279,0
230,NA,Admission-heavy,0.029645972780498138,280,0
